Désignation,PDA
TONER XEROX 5021 ADPTABLE avec puce,47.6
Toner Lexmark 410/310/312 ADAPTABLE,33.32
Toner HP 17 A pour Hp M102a ADPTABLE,16.065
Photoconducteur pour Lexmark 312 ADPTABLE,119
Tambour Hp 19A ADAPTABLE,22.61
TONER CANON 725 Adaptable,13.685
Bouteille d’encre pour Espon M2120 adaptable,8.33
Toner pour HP Cp5225 CE740A Adaptable,184.45
Toner pour HP Cp5225 CE741A Adaptable,184.45
Toner pour HP Cp5225 CE742A Adaptable,184.45
Toner pour HP Cp5225 CE743A Adaptable,184.45
TONER SAMSUNG S111 Adaptable,20.23
Toner pour Canon i -SENSYS LBP2900 Adaptable,18.445
Bouteil d’encre noir pour BROTHER DCP -T420W Adaptable,4.76
Bouteil d’encre magenta pour BROTHER DCP -T420W Adaptable,4.76
Bouteil d’encre yellow pour BROTHER DCP -T420W Adaptable,4.76
Bouteil d’encre cyan pour BROTHER DCP -T420W Adaptable,4.76
rame papier A4 80gr,10.59
pochette transparentes perforées A4 80 micron,10.9
Chemise cartonée Bristol,0.25
chemise kraft,0.075
Chronos MF vert,6.2
Chronos MF Rose,6.9
Chronos MF Rouge,6.2
Chronos MF Bleu,6.2
Chronos MF Gris,6.2
Chronos MF Jaune,6.2
scotch 30mx18mm 40 microns,0.35
ciseaux,2.7
Agrafes,0.65
Stylo a bille bleu ( pack de 50 ),16.5
Stylos CD permanant avec deux faces d'ecriture fine et gras,3.8
DVD ( pack de 50 ),28.5
Page de garde Couverture transparente,11.9
Stylos feutre pour tableau pack de 4,2.5
marqueur permanant,1
Jakki,33
Domino,12
Dames,10.8
Ludo,22
Sharp BP20M 28T,88.06
MX-238FT,77.35
Sharp M264,83.3
MX-237FT,77.35
ricoh 2501,20.23
sharp AR6031NV,77.35
Sharp AR-5623 ( MX-235FT ),77.35
kit HP LaserJet pro cp1025 ( pack de 4 ) ,76.16
kit HP Jet d'encre 5820 ( pack de 4 ) ,19.04
kit canon jet d'encre G2010 ( pack de 4 ) ,21.42
kit hp ink tank 315 100ML ( pack de 4 ) ,19.04
Canon LBP 226DW,46.41
HP Laserjet Enterprise MFP M725dn,89.25
HP M274n noir,26.18
HP M274n 3C,78.54
Samsung M2070,20.23
Epson EPL N3000 ( disponible en noir uniquement ) ,119
Canon G2420 noir,4.76
Canon G2420 3C,12.495
Lexmark ms310,29.75
TK-1110,10.71
MX-500FT,72.5
Cartouche Pantum 219,28.56
cartouche HP laser 107a,33.32
cartouche samsung 2950,65.45
encre hp 515,5.355
hp ink tank 315 100ML ( noir et couleur  ) ,4.76
Lexmark MS 521 ( Tombour ),119
Samsung Xpress M2020,22.61
Hp Jet pro p1102 ( 285A ) ,13.685
Ruban OKI 5791,12.495
Samsung ML-3471 ( Toner + Tombour ) ,45.22
Canon Sensys FAX-L170,13.685
Epson WORK FORCE PRO WF-5110 ( Noir ) / WF-5111 ( couleur ),20.23
Pantum BP5100DN,28.56
Canon MG2540S noir  -- Original --,52
Sharp AR-7024,77.35
Sharp AR-6026N,77.35
Ricoh M2700,28.56
Ricoh M2701,28.56
Sharp BP-20M28,88.06
TONER XEROX 5021,47.6
Toner Lexmark 410/310/312,33.32
Toner HP 17 A Hp M102a,16.065
Photoconducteur Lexmark 312,119
Tambour Hp 19A,22.61
encre Espon M2120,8.33
Toner HP Cp5225 CE740A,184.45
Toner HP Cp5225 CE741A,184.45
Toner HP Cp5225 CE742A,184.45
Toner pour HP Cp5225 CE743A,184.45
TONER CANON Laser I -SENSYS LBP6030/LBP6040/LBP6018L,13.685
TONER SAMSUNG S111,20.23
Toner Canon i -SENSYS LBP2900,18.445
encre noir BROTHER DCP -T420W,4.76
encre magenta BROTHER DCP -T420W,4.76
encre yellow BROTHER DCP -T420W,4.76
encre cyan BROTHER DCP -T420W,4.76
sharp mx-238FT,77.35
Kyocera TK160,10.9
HP 652 noir,72
HP 652 Couleur,69
toner oki b432,29
bizhub 4020i 8k,71.4
sharp bp20m31 Original,379
sharp bp20m24L Original,379
sharp ar 5620 Original,219
sharp ar 5631 Original,290
TONER CANON Laser I -SENSYS LBP6030 --Original --,239
encre neopot ij40 Original,523
usb 32go,9.3
cable reseau 3m,3
cable reseau 5m,3.9
cable reseau 10m,7.5
souris,3.5
flash disque 16Gb,7.9
tapis souris,0.9
Ballon foot en cuire,14
jeu d'echec,26
jeu de dames,10.8
jeu de loi,10.8
jeu de puzzle,6.8
jeu de domino,23
raquette de ping pong,7
ballon ping pong,0.5
ballon en plast mm,7
Pantum P3300ND - P3010 ( Toner ),33.32
toner Xerox 3025,29.75
epson 664 ( noir et couleur ) ex: L1455/3060,4.165
hp ink tank 315 ( Noir et couleur )  --Original--,45
Canon LBP 6020B,14.28
Dames,10.8
Ludo,22
Dominos,19
Scrable AR,22.4
Scrable FR,22.4
JAKKI,33.32
panneau basket,84
Echec,19.6
Ballon FB,20
HP Laserjet pro M428fdn,46.41
Tambour DL 410,33.32
Toner DL 410,29.75
Epson LQ - 590 ( Ruban ),9.282
Canon LBP 6650xn 719,27.37
dames 30x30,10.8
Domino 28,19
Jakki pliant,33.25
KYOCERA FS 1040,9.52
KYOCERA ECOSYS FS -1120 D (TK-166) ,17.85
HP Laser Jet P1102,14.28
EPSON LQ – 300 ( Ruban ),5.831
SHARP MX – B 200,80.92
HP Laser Jet  1015 ,20.23
SAMSUNG ML 3050,45.22
SHARP AR -6020,77.35
EPSON BK 155 100 ML,4.76
SHARP AR - 5015,88.06
SHARP AR - 5620,77.35
LEXMARK MS – 331 -,198.73
Ecosys FS -1120 MFP,9.52
Brother 223 ( noir et couleur ) ,8.33
KYOCERA ECOSYS FS -1060 DN,10.71
Sharp BP20M 28T,88.06
MX-238FT,77.35
Sharp M264,83.3
MX-237FT,77.35
Samsung MLT D205L a verifier RCT ,55
Samsung ML-3310ND ( toner + Tombour ) ,45.22
Lexmark MS 521 ( Toner ),190.4
Xerox Phaser 3320 ( ND Toner + Tombour ) ,73.78
Canon Image Runner 2002/2202 ( Toner ),19.04
Epson L3210 ( Bouteilles noir ou couleur ) ,4.165
Kit Epson L3210 ( pack de 4 ),16.66
Epson L1250 ( bouteilles noir ou couleur ),4.165
kit Epson L1250 ( pack de 4 ) ,16.66
Epson L6160 ( bouteilles noir ou couleur ) ,4.165
kit epson L6160 ( pack de 4 ) ,16.66
Samsung ML-2551N ,73.78
Tombour Lexmark MS310 DN ,107.1
Canon Image Runner 2002/2202 ( Tombour ) ,29.75
Toner Brother T104,16.66
Sharp BP-FT200 ( 20m22/24/28//31) toner ,77.35
toner hp 137 ,23.8
Toner hp 111s ,20.23
Epson WF-M5299 toner ( 5000 copies ),116.62
Epson WF-M5299 toner  ( 10000 copies ),129.71
Epson WF-M5299 toner ( 40000 copies ),165.41
Xerox 5335 toner ,83.3
Brother BT500 ( noir et couleur ) ,4.165
Canon EXV33 ,22.61
Canon EXV42,19.04
Xerox Workcenter 5020 ,21.42
Canon pixma  GL490 ( Noir ) ,4.76
Canon pixma GL490 ( couleur ) ,4.165
Kyocera TK-450,42.84
Epson WF-M5799 toner ( 5000 copies ),116.62
Epson WF-M5799 toner ( 10000 copies ),129.71
Epson WF-M5799 toner ( 40000 copies ),165.41
Canon MF651 CW ( noir et couleur ) ,47.6
Sharp MX-5050,101.15
Xerox B1022,95.2
Epson 103 ( noir et couleur ),4.165
Kit epson 103 ( pack de 4 ) ,16.66
Sharp AR-310,89.25
Epson L3110 /1110/4260 100ML ( noir et couleur ),4.165
Kit epson L3110/1110/4260 100ML ( pack de 4 ) ,16.66
kit hp ink tank 315 ( pack de 4 )  --Original--,180
Kyocera Ecosys P2035d KX ,23.8
KYOCERA FS 1040 GX,11.9
Lexmark E260,45.22
Epson LQ-2090 ( Ruban ),9.52
Sharp AR-5316E ( AR-016FT ) ,88.06
Kyocera Ecosys PA2000,35.7
Canon Image Runner 2224 ,23.8
Pantum P3010 / P3300DN / DL-410 ( Tambour ) ,45.22
Epson L3150 ( noir et couleur ),4.165
kit Epson L3150  ( pack de 4) ,16.66
Lexmark E460DN ( toner ) ,89.25
Hp Laser 2055D ,23.8
Hp Laser M1132,14.875
Kyocera FS 2100 DN ,36.89
HP 408,58.31
Canon MF 275 dw / MF 272 dw -- Original --,400
Samsung 4020 ,47.6
Xerox WorkCenter 3215,32.13
Lexmark Ms-317dn,33.32
Kyocera Taskalfa 2321NO,95.2
Canon Image Runner 2204/2206,21.42
Sharp AR-5320,88.06
Sharp AR-5520,66.64
Kyocera Ecosys M4132 DN ( TK-6114-6115 ),73.78
Canon Laser 728,13.685
Kyocera TK-435,39
Kyocera TK-3160,27.37
Kyocera TK-1160,19.04
Kyocera TK-1120,10.71
HP LHW 1106A ( 106A ),22.61
Laxmark MX317/MX417/MX517,29.75
Kyocera TK-170,21.42
HP 131A CF210A ( Noir ) ,29.75
HP 131A CF211 ( Cyan ) ,29.75
HP 131A CF212 ( Yellow ) ,29.75
HP 131A CF213 ( Magenta ) ,29.75
Canon Encre G2411 ( noir et couleur ) ,5.355
Konika Minolta TN221 C227,77.35
Ricoh MP-2001 ,47.6
kit Epson 664 ( pack de 4 ) ex: L1455/3060,16.66
G&G HP 83A (GG-PH28CC) ,19.04
kit Canon Encre G2411 ( pack de 4 ) ,21.42
HP Jet Pro MFP-M125nw ,19.04
Samsung ML-2525 ( MLT-S105s) ,29
Hp Laser jet P2035,20.23
Brother MFC-J480DW ( LC223 ) ( chez Mytek) ( noir et couleur ) ,5.1
kit Brother MFC-J480DW ( LC223 ) ( chez Mytek) ( pack de 4 )  ,20.4
Sharp AR-5618 ,89.25
Brother DR220 Fax 2845,20.23
HP Laserjet MFP-137fnw ,33.32
HP LaserJet pro cp1025 ( noir et couleur) ,19.04
HP Jet d'encre 5820 ( noir et couleur ),4.76
Canon jet d'encre G2010 ( noir et couleur ) ,5.355
Kyocera Taskalfa 1800/2200,67.83
Samsung ML-1660 ,22.61
HP 1022,18.445
Epson Encre M2170 ( 110 ) ( noir et couleur)  ,5.95
Epson Encre M2170 ( 110 ) ( pack de 4 )  ,23.8
Epson Encre M4000,166.6
Toshiba 456SE ,76.16
Toshiba 356S,76.16
Ricoh SP3710X,107.1
Toshiba 2323AM,61.88
Brother HL-2250dn ,20.23
Samsung Pro Xpress M3320nd ,48.79
Canon Image runner 2520,22.61
Epson EPL N2550,172.55
HP laser Jet M141 A ,35.7
Flash disque 32Go ( spacenet  ) ,11
Flash disque 64Go ( spacenet ),11
imprimante Canon G3410 Wifi ,549
rouleux thermique 80x70,2.023
ballon basket ball ,11
ballon volleyball ,20
ardoise 20/20 petit model ,5.5
ardoiase oval moyen model ,10
gouache acrylique 5 couleurs,7
pinceau de dessin n12 ,0.625
konica minolta 165,33.32
Fax HP MFP 130 FN,17.85
Samsung 3710 ,45.22
Canon LBP 236 DW,35.7
Kyocera P2235DN / TK-1150,21.42
Pantum P2509W,26.18
Photoconducteur HP 408DN ,53.55
